track_ID,track_name,track_type,shape,surface,length_miles,aerial_image_url,latitude,longitude,city,state_abbr,country_name,promotion_ID,season,promotion_name,track_promotion_event_ID,event_name,event_date,event_status,race_event_ID,race_name,season_race_no,money_for_win,feature_num_laps,weather,track_conditions,race_status,time_status,series
6326,Volusia Speedway Park,,D-shaped Oval,Dirt,0.425,https://dv51o5gtpfm3w.cloudfront.net/Volusia_DCN2025 copy.jpg,29.21485,-81.34485,Barberville,FL,United States,5995776,2026,World of Outlaws Bike Week Jamboree,4548492,World of Outlaws Bike Week Jamboree,2026-03-01,Published,720194,,,12000.00,25,,,Scheduled,past,sprint_car
6326,Volusia Speedway Park,,D-shaped Oval,Dirt,0.425,https://dv51o5gtpfm3w.cloudfront.net/Volusia_DCN2025 copy.jpg,29.21485,-81.34485,Barberville,FL,United States,5995776,2026,World of Outlaws Bike Week Jamboree,4548493,World of Outlaws Bike Week Jamboree,2026-03-02,Published,720195,,,12000.00,,,,Scheduled,past,sprint_car
6387,Talladega Short Track,"High-Banked, Red Clay Oval",Oval,Clay,0.28,https://dv51o5gtpfm3w.cloudfront.net/Talladega.jpg,33.58153575276003,-86.05146935582191,Eastaboga,AL,United States,5996718,2026,World of Outlaws Dega Duel,4549528,World of Outlaws Dega Duel,2026-03-06,Published,722484,,,12000.00,35,,,Scheduled,past,sprint_car
6325,Volunteer Speedway,,Paperclip,Dirt,0.4,https://dv51o5gtpfm3w.cloudfront.net/bullsgap.jpg,36.22321638577251,-83.05285325092619,Bulls Gap,TN,United States,5996704,2026,World of Outlaws Rocky Top Rumble,4549508,World of Outlaws Rocky Top Rumble,2026-03-13,Published,722452,,,12000.00,40,,,Scheduled,past,sprint_car
6521,Kennedale Speedway Park,,Oval,Dirt,0.292,https://dv51o5gtpfm3w.cloudfront.net/KENNEDALE.jpg,32.6235,-97.21724,Kennedale,TX,United States,5996720,2026,World of Outlaws Cowtown Classic,4549530,World of Outlaws Cowtown Classic,2026-03-13,Published,722486,,,12000.00,35,,,Scheduled,past,sprint_car
6304,Smoky Mountain Speedway,High-Banked,,Red Clay,0.4,https://dv51o5gtpfm3w.cloudfront.net/JJA_0078.jpg,35.63855,-84.10328,Maryville,TN,United States,5996666,2026,World of Outlaws Tennessee Tipoff,4549439,World of Outlaws Tennessee Tipoff,2026-03-14,Published,722275,,,20000.00,50,,,Scheduled,past,sprint_car
6386,Magnolia Motor Speedway,,Oval,Dirt,0.326,https://dv51o5gtpfm3w.cloudfront.net/Magnolia.jpg,33.4772,-88.48903,Columbus,MS,United States,5996667,2026,World of Outlaws Duel at The Mag,4549957,World of Outlaws Duel at the Mag Practice Night,2026-03-19,Published,723170,,,,,,,Scheduled,past,sprint_car
6386,Magnolia Motor Speedway,,Oval,Dirt,0.326,https://dv51o5gtpfm3w.cloudfront.net/Magnolia.jpg,33.4772,-88.48903,Columbus,MS,United States,5996667,2026,World of Outlaws Duel at The Mag,4549441,World of Outlaws Duel at the Mag,2026-03-20,Published,722277,,,12000.00,40,,,Scheduled,past,sprint_car
6343,Lawton Speedway,,Paperclip,Clay,0.377,https://dv51o5gtpfm3w.cloudfront.net/9X3A0786.jpg,34.57417,-98.42506,Lawton,OK,United States,5996721,2026,World of Outlaws Sooner Stampede,4549532,World of Outlaws Sooner Stampede,2026-03-20,Published,722488,,,12000.00,35,,,Scheduled,past,sprint_car
6386,Magnolia Motor Speedway,,Oval,Dirt,0.326,https://dv51o5gtpfm3w.cloudfront.net/Magnolia.jpg,33.4772,-88.48903,Columbus,MS,United States,5996667,2026,World of Outlaws Duel at The Mag,4549442,World of Outlaws Duel at the Mag,2026-03-21,Published,722278,,,20000.00,60,,,Scheduled,past,sprint_car
6532,Creek County Speedway,Slightly-banked,Bullring,Dirt,0.228,https://dv51o5gtpfm3w.cloudfront.net/9X3A4421.jpg,35.96918,-96.19396,Sapulpa,OK,United States,5996808,2026,World of Outlaws Creekadega 40,4549649,World of Outlaws Creekadega 40,2026-03-21,Published,722629,,,12000.00,40,,,Scheduled,past,sprint_car
6198,East Alabama Motor Speedway,0.375;,,,0.375,https://dv51o5gtpfm3w.cloudfront.net/EAMS.jpg,32.46250031547487,-85.14783962698343,Phenix City,AL,United States,5996668,2026,World of Outlaws Chattahoochee Clash,4549443,World of Outlaws Chattahoochee Clash,2026-03-27,Published,722279,,,12000.00,40,,,Scheduled,past,sprint_car
6375,US 36 Raceway,,D-Shaped,Dirt,0.274,https://dv51o5gtpfm3w.cloudfront.net/US36.jpg,39.76304,-94.34971,Osborn,MO,United States,5996804,2026,World of Outlaws KC Classic,4549645,World of Outlaws KC Classic,2026-03-27,Published,722625,,,12000.00,35,,,Scheduled,past,sprint_car
6146,81 Speedway,Semi-Banked,Oval,Dirt,0.355,https://dv51o5gtpfm3w.cloudfront.net/9X3A9959.jpg,37.823489,-97.33802,Park City,KS,United States,5996805,2026,World of Outlaws Tallgrass Tussle,4549646,World of Outlaws Tallgrass Tussle,2026-03-28,Published,722626,,,12000.00,30,,,Scheduled,past,sprint_car
6207,I-55 Federated Auto Parts Raceway Park,High-Banked Bullring,Bullring,,0.265,https://dv51o5gtpfm3w.cloudfront.net/I-55.jpg,38.26966,-90.4017,Pevely,MO,United States,5996722,2026,World of Outlaws Federated Auto Parts Spring Classic,4549533,World of Outlaws Federated Auto Parts Spring Classic,2026-04-10,Published,722489,,,12000.00,,,,Scheduled,past,sprint_car
6207,I-55 Federated Auto Parts Raceway Park,High-Banked Bullring,Bullring,,0.265,https://dv51o5gtpfm3w.cloudfront.net/I-55.jpg,38.26966,-90.4017,Pevely,MO,United States,5996722,2026,World of Outlaws Federated Auto Parts Spring Classic,4549534,World of Outlaws Federated Auto Parts Spring Classic,2026-04-11,Published,722490,,,12000.00,,,,Scheduled,past,sprint_car
6320,Tri-State Speedway,High Banked Bullring,Bullring,Dirt,0.237,https://dv51o5gtpfm3w.cloudfront.net/HAUBSTADT.jpg,38.20827,-87.5545,Haubstadt,IN,United States,5996806,2026,World of Outlaws Southern Indiana Showdown,4549647,World of Outlaws Southern Indiana Showdown,2026-04-19,Published,722627,,,12000.00,,,,Scheduled,past,sprint_car
6320,Tri-State Speedway,High Banked Bullring,Bullring,Dirt,0.237,https://dv51o5gtpfm3w.cloudfront.net/HAUBSTADT.jpg,38.20827,-87.5545,Haubstadt,IN,United States,5996806,2026,World of Outlaws Southern Indiana Showdown,4549647,World of Outlaws Southern Indiana Showdown,2026-04-19,Published,723265,,,,,,,Scheduled,past,sprint_car
6235,Knoxville Raceway,Semi-Banked,Oval,Dirt,0.516,https://dv51o5gtpfm3w.cloudfront.net/KNOXVILLE.jpg,41.326529,-93.111695,Knoxville,IA,United States,5996697,2026,World of Outlaws Premier Chevy Dealers Clash,4549496,World of Outlaws Premier Chevy Dealers Clash,2026-04-24,Published,722359,,,,,,,Scheduled,past,sprint_car
6235,Knoxville Raceway,Semi-Banked,Oval,Dirt,0.516,https://dv51o5gtpfm3w.cloudfront.net/KNOXVILLE.jpg,41.326529,-93.111695,Knoxville,IA,United States,5996697,2026,World of Outlaws Premier Chevy Dealers Clash,4549497,World of Outlaws Premier Chevy Dealers Clash,2026-04-25,Published,722360,,,,,,,Scheduled,past,sprint_car
6228,Independence Motor Speedway,Semi-Banked,Oval,Clay,0.375,,42.479315,-91.893183,Independence,IA,United States,5996671,2026,World of Outlaws Independence Late Model Showdown,4549451,World of Outlaws Independence Late Model Showdown,2026-04-28,Published,722287,,,12000.00,40,,,Scheduled,past,late_model
6382,Mississippi Thunder Speedway,High-Banked Sweeping,,,0.375,https://dv51o5gtpfm3w.cloudfront.net/Mississippi_Thunder.jpg,44.17401,-91.76115,Fountain City,WI,United States,5996672,2026,World of Outlaws Dairyland Showdown,4549452,World of Outlaws Dairyland Showdown,2026-04-30,Published,722288,,,10000.00,30,,,Scheduled,past,sprint_car
6382,Mississippi Thunder Speedway,High-Banked Sweeping,,,0.375,https://dv51o5gtpfm3w.cloudfront.net/Mississippi_Thunder.jpg,44.17401,-91.76115,Fountain City,WI,United States,5996672,2026,World of Outlaws Dairyland Showdown,4549453,World of Outlaws Dairyland Showdown,2026-05-01,Published,722289,,,10000.00,30,,,Scheduled,past,sprint_car
6382,Mississippi Thunder Speedway,High-Banked Sweeping,,,0.375,https://dv51o5gtpfm3w.cloudfront.net/Mississippi_Thunder.jpg,44.17401,-91.76115,Fountain City,WI,United States,5996672,2026,World of Outlaws Dairyland Showdown,4549454,World of Outlaws Dairyland Showdown,2026-05-02,Published,722290,,,40000.00,50,,,Scheduled,past,sprint_car
6250,Lincoln Speedway (PA),,Paperclip,Clay,0.347,https://dv51o5gtpfm3w.cloudfront.net/LincolnSpeedway.jpg,39.8705,-76.99465,Abbottstown,PA,United States,5996725,2026,World of Outlaws Gettysburg Clash,4549537,World of Outlaws Gettysburg Clash,2026-05-05,Published,722493,,,,,,,Scheduled,past,sprint_car
6333,Williams Grove Speedway,Semi Banked; Paperclip Oval,Paperclip,Clay,0.512,https://dv51o5gtpfm3w.cloudfront.net/WILLIAMS-GROVE.jpg,40.15544,-77.0336,Mechanicsburg,PA,United States,5996707,2026,World of Outlaws HVAC Distributors Morgan Cup,4549512,World of Outlaws HVAC Distributors Morgan Cup,2026-05-08,Published,722468,,,,,,,Scheduled,past,sprint_car
6333,Williams Grove Speedway,Semi Banked; Paperclip Oval,Paperclip,Clay,0.512,https://dv51o5gtpfm3w.cloudfront.net/WILLIAMS-GROVE.jpg,40.15544,-77.0336,Mechanicsburg,PA,United States,5996707,2026,World of Outlaws HVAC Distributors Morgan Cup,4549513,World of Outlaws HVAC Distributors Morgan Cup,2026-05-09,Published,722469,,,,,,,Scheduled,past,sprint_car
6297,Selinsgrove Speedway,,,Clay,0.5,,40.78727,-76.87012,Selinsgrove,PA,United States,5996674,2026,World of Outlaws Sand Hill Showdown,4549456,World of Outlaws Sand Hill Showdown,2026-05-14,Published,722292,,,20000.00,45,,,Scheduled,past,sprint_car
6458,Marion Center Raceway,High-Banked,,,0.25,,40.81225,-79.03835,Marion Center,PA,United States,5996675,2026,World of Outlaws Connor Bobik Memorial,4549457,World of Outlaws Connor Bobik Memorial,2026-05-15,Published,722293,,,6000.00,25,,,Scheduled,past,sprint_car
6200,Eldora Speedway,High-Banked,Oval,Dirt,0.437,https://dv51o5gtpfm3w.cloudfront.net/ELDORA.jpg,40.31865,-84.63387,Rossburg,OH,United States,5996726,2026,World of Outlaws #LetsRaceTwo,4549538,World of Outlaws #LetsRaceTwo,2026-05-15,Published,722494,,,,,,,Scheduled,past,sprint_car
6200,Eldora Speedway,High-Banked,Oval,Dirt,0.437,https://dv51o5gtpfm3w.cloudfront.net/ELDORA.jpg,40.31865,-84.63387,Rossburg,OH,United States,5996726,2026,World of Outlaws #LetsRaceTwo,4549539,World of Outlaws #LetsRaceTwo,2026-05-16,Published,722495,,,,,,,Scheduled,past,sprint_car
6414,Bedford Speedway,Semi-Banked Clay Oval,Paperclip,Clay,0.625,https://dv51o5gtpfm3w.cloudfront.net/_DSC7198.jpg,40.02372,-78.52044,Bedford,PA,United States,5996676,2026,World of Outlaws Billy Winn Classic,4549459,World of Outlaws Billy Winn Classic,2026-05-17,Published,722295,,,20000.00,45,,,Scheduled,past,sprint_car
6231,Jacksonville Speedway,,Bullring,Dirt,0.216,https://dv51o5gtpfm3w.cloudfront.net/JACKSONVILLE.jpg,39.73639,-90.26015,Jacksonville,IL,United States,5996811,2026,World of Outlaws Hy-Vee Perks 40,4549652,World of Outlaws Hy-Vee Perks 40,2026-05-21,Rescheduled,722632,,,,,,,Scheduled,past,sprint_car
6235,Knoxville Raceway,Semi-Banked,Oval,Dirt,0.516,https://dv51o5gtpfm3w.cloudfront.net/KNOXVILLE.jpg,41.326529,-93.111695,Knoxville,IA,United States,5996695,2026,World of Outlaws Stars and Stripes Salute,4549495,World of Outlaws Stars and Stripes Salute,2026-05-23,Published,722356,,,20000.00,,,,Scheduled,past,sprint_car
6379,"Huset's Speedway",High-Banked Bullring,Bullring,Dirt,0.272,https://dv51o5gtpfm3w.cloudfront.net/HUSETS.jpg,43.570488,-96.583482,Brandon,SD,United States,5996696,2026,World of Outlaws Stars and Stripes Salute,4549494,World of Outlaws Stars and Stripes Salute presented by Folkens Brothers Trucking,2026-05-25,Rescheduled,722355,,,20000.00,,,,Scheduled,past,sprint_car
6458,Marion Center Raceway,High-Banked,,,0.25,,40.81225,-79.03835,Marion Center,PA,United States,5996675,2026,World of Outlaws Connor Bobik Memorial,4549458,World of Outlaws Connor Bobik Memorial,2026-05-27,Rescheduled,722294,,,30000.00,60,,,Scheduled,past,sprint_car
6292,River Cities Speedway,High-Banked,Bullring,Dirt,0.25,https://dv51o5gtpfm3w.cloudfront.net/RIVER-CITIES.jpg,47.93557,-97.06141,Grand Forks,ND,United States,5996728,2026,World of Outlaws 1st Leg of the Northern Tour Don Mack Classic,4549541,World of Outlaws 1st Leg of the Northern Tour Don Mack Classic,2026-05-29,Published,722497,,,12000.00,,,,Scheduled,past,sprint_car
6284,Plymouth Dirt Track,Semi-Banked,Oval,Dirt,0.268,,43.74988,-87.96925,Plymouth,WI,United States,5996731,2026,World of Outlaws Cheese Town Showdown,4549544,World of Outlaws Cheese Town Showdown,2026-06-06,Published,722500,,,12000.00,,,,Scheduled,past,sprint_car
6403,Angell Park Speedway,Clay Oval,Oval,Dirt,0.315,https://dv51o5gtpfm3w.cloudfront.net/ANGELL_PARK_tcarr.jpg,43.177845,-89.211554,Sun Prairie,WI,United States,5996732,2026,World of Outlaws Ted Johnson Memorial Race,4549545,World of Outlaws Ted Johnson Memorial Race,2026-06-07,Published,722501,,,12000.00,,,,Scheduled,past,sprint_car
6235,Knoxville Raceway,Semi-Banked,Oval,Dirt,0.516,https://dv51o5gtpfm3w.cloudfront.net/KNOXVILLE.jpg,41.326529,-93.111695,Knoxville,IA,United States,5996698,2026,World of Outlaws Premier Chevy Dealers Clash,4549498,World of Outlaws Premier Chevy Dealers Clash,2026-06-12,Published,722363,,,12000.00,,,,Scheduled,past,sprint_car
6379,"Huset's Speedway",High-Banked Bullring,Bullring,Dirt,0.272,https://dv51o5gtpfm3w.cloudfront.net/HUSETS.jpg,43.570488,-96.583482,Brandon,SD,United States,5996151,2026,"World of Outlaws BillionAuto.com Huset's High Bank Nationals",4548868,"World of Outlaws Hefty Seed Huset's Hustle",2026-06-17,Completed,721076,,,20000.00,,,,Scheduled,past,sprint_car
6379,"Huset's Speedway",High-Banked Bullring,Bullring,Dirt,0.272,https://dv51o5gtpfm3w.cloudfront.net/HUSETS.jpg,43.570488,-96.583482,Brandon,SD,United States,5996151,2026,"World of Outlaws BillionAuto.com Huset's High Bank Nationals",4548869,"World of Outlaws Hefty Seed Huset's Hustle",2026-06-18,Published,721077,,,150000.00,,,,Scheduled,past,sprint_car
6379,"Huset's Speedway",High-Banked Bullring,Bullring,Dirt,0.272,https://dv51o5gtpfm3w.cloudfront.net/HUSETS.jpg,43.570488,-96.583482,Brandon,SD,United States,5996151,2026,"World of Outlaws BillionAuto.com Huset's High Bank Nationals",4548870,"World of Outlaws BillionAuto.com Huset's High Bank Nationals",2026-06-19,Published,721078,,,20000.00,,,,Scheduled,past,sprint_car
6379,"Huset's Speedway",High-Banked Bullring,Bullring,Dirt,0.272,https://dv51o5gtpfm3w.cloudfront.net/HUSETS.jpg,43.570488,-96.583482,Brandon,SD,United States,5996151,2026,"World of Outlaws BillionAuto.com Huset's High Bank Nationals",4548871,"World of Outlaws BillionAuto.com Huset's High Bank Nationals",2026-06-20,Published,721079,,,300000.00,,,,Scheduled,past,sprint_car
6514,141 Speedway,,Egg-Shaped Oval,Dirt,0.333,,44.252492,-87.765666,Maribel,WI,United States,5996650,2026,World of Outlaws Maribel Late Model Showdown,4549415,World of Outlaws Maribel Late Model Showdown,2026-06-20,Published,722267,,,25000.00,60,,,Scheduled,past,late_model
6514,141 Speedway,,Egg-Shaped Oval,Dirt,0.333,,44.252492,-87.765666,Maribel,WI,United States,5996650,2026,World of Outlaws Maribel Late Model Showdown,4549415,World of Outlaws Maribel Late Model Showdown,2026-06-20,Published,729626,,,,,,,Scheduled,past,late_model
6514,141 Speedway,,Egg-Shaped Oval,Dirt,0.333,,44.252492,-87.765666,Maribel,WI,United States,5996650,2026,World of Outlaws Maribel Late Model Showdown,4549415,World of Outlaws Maribel Late Model Showdown,2026-06-20,Published,729627,,,,,,,Scheduled,past,late_model
6272,Ogilvie Raceway,,Oval,Dirt,0.356,https://dv51o5gtpfm3w.cloudfront.net/Ogilvie.jpg,45.82865,-93.396739,Ogilvie,MN,United States,5996678,2026,World of Outlaws Land of Lakes Classic,4549462,World of Outlaws Land of Lakes Classic,2026-06-22,Published,722298,,,12000.00,40,,,Scheduled,past,sprint_car
6384,I-94 emr Speedway,High-Banked,Oval,Dirt,0.375,https://dv51o5gtpfm3w.cloudfront.net/i94.jpg,46.3048,-96.091805,Fergus Falls,MN,United States,5996679,2026,World of Outlaws Fergus Falls Frenzy,4549463,World of Outlaws Fergus Falls Frenzy,2026-06-24,Published,722299,,,12000.00,40,,,Scheduled,past,sprint_car
6384,I-94 emr Speedway,High-Banked,Oval,Dirt,0.375,https://dv51o5gtpfm3w.cloudfront.net/i94.jpg,46.3048,-96.091805,Fergus Falls,MN,United States,5996679,2026,World of Outlaws Fergus Falls Frenzy,4549463,World of Outlaws Fergus Falls Frenzy,2026-06-24,Published,728039,,,,20,,,Scheduled,past,sprint_car
6384,I-94 emr Speedway,High-Banked,Oval,Dirt,0.375,https://dv51o5gtpfm3w.cloudfront.net/i94.jpg,46.3048,-96.091805,Fergus Falls,MN,United States,5996679,2026,World of Outlaws Fergus Falls Frenzy,4549463,World of Outlaws Fergus Falls Frenzy,2026-06-24,Published,728040,,,,20,,,Scheduled,past,sprint_car
6176,Cedar Lake Speedway,High-Banked Clay Oval,Oval,Dirt,0.302,https://dv51o5gtpfm3w.cloudfront.net/_DSC9254.jpg,45.190279,-92.587978,New Richmond,WI,United States,5996627,2026,World of Outlaws Federated Auto Parts Independence Spectacular,4549378,World of Outlaws Federated Auto Parts Independence Spectacular,2026-06-26,Published,722177,,,12000.00,,,,Scheduled,past,sprint_car
6176,Cedar Lake Speedway,High-Banked Clay Oval,Oval,Dirt,0.302,https://dv51o5gtpfm3w.cloudfront.net/_DSC9254.jpg,45.190279,-92.587978,New Richmond,WI,United States,5996627,2026,World of Outlaws Federated Auto Parts Independence Spectacular,4549378,World of Outlaws Federated Auto Parts Independence Spectacular,2026-06-26,Published,729513,,,,,,,Scheduled,past,sprint_car
6292,River Cities Speedway,High-Banked,Bullring,Dirt,0.25,https://dv51o5gtpfm3w.cloudfront.net/RIVER-CITIES.jpg,47.93557,-97.06141,Grand Forks,ND,United States,5996680,2026,World of Outlaws Grand Forks Late Model Showdown,4549464,World of Outlaws Grand Forks Late Model Showdown,2026-06-26,Published,722300,,,15000.00,40,,,Scheduled,past,late_model
6176,Cedar Lake Speedway,High-Banked Clay Oval,Oval,Dirt,0.302,https://dv51o5gtpfm3w.cloudfront.net/_DSC9254.jpg,45.190279,-92.587978,New Richmond,WI,United States,5996627,2026,World of Outlaws Federated Auto Parts Independence Spectacular,4549379,World of Outlaws Federated Auto Parts Independence Spectacular,2026-06-27,Published,722178,,,12000.00,,,,Scheduled,past,sprint_car
6176,Cedar Lake Speedway,High-Banked Clay Oval,Oval,Dirt,0.302,https://dv51o5gtpfm3w.cloudfront.net/_DSC9254.jpg,45.190279,-92.587978,New Richmond,WI,United States,5996627,2026,World of Outlaws Federated Auto Parts Independence Spectacular,4549379,World of Outlaws Federated Auto Parts Independence Spectacular,2026-06-27,Published,729512,,,,,,,Scheduled,past,sprint_car
6267,Nodak Speedway,High-Banked,Oval,Dirt,0.368,https://dv51o5gtpfm3w.cloudfront.net/Nodak.jpg,48.232878,-101.259141,Minot,ND,United States,5996681,2026,World of Outlaws Minot Mayhem,4549465,World of Outlaws Minot Mayhem,2026-06-28,Published,722301,,,20000.00,50,,,Scheduled,past,sprint_car
6517,Norman County Raceway,,,,0.375,,47.29653,-96.52263,Ada,MN,United States,5996682,2026,World of Outlaws Start to Finish Showdown,4549466,World of Outlaws Start to Finish Showdown,2026-06-30,Published,722302,,,20000.00,,,,Scheduled,past,sprint_car
6220,Hartford Speedway,,Oval,Dirt,0.406,,42.21358,-86.17335,Hartford,MI,United States,5996730,2026,World of Outlaws Pure Michigan Showdown,4549543,World of Outlaws Pure Michigan Showdown,2026-07-09,Rescheduled,722499,,,12000.00,,,,Scheduled,past,sprint_car
6334,Wilmot Raceway,Semi-Banked,D-Shaped,Dirt,0.283,https://dv51o5gtpfm3w.cloudfront.net/WILMOT.jpg,42.51566,-88.18209,Wilmot,WI,United States,5996733,2026,"World of Outlaws O'Reilly Auto Parts presents the Larry Hillerud Memorial",4549546,"World of Outlaws O'Reilly Auto Parts presents the Larry Hillerud Memorial",2026-07-10,Published,722502,,,12000.00,,,,Scheduled,past,sprint_car
6300,Sharon Speedway,,Oval,Dirt,0.36,https://dv51o5gtpfm3w.cloudfront.net/SHARON.jpg,41.30583,-80.5495,Hartford,OH,United States,5996684,2026,World of Outlaws Battle at the Border,4549471,World of Outlaws Battle at the Border,2026-07-11,Published,722307,,,20000.00,60,,,Scheduled,past,sprint_car
6334,Wilmot Raceway,Semi-Banked,D-Shaped,Dirt,0.283,https://dv51o5gtpfm3w.cloudfront.net/WILMOT.jpg,42.51566,-88.18209,Wilmot,WI,United States,5996733,2026,"World of Outlaws O'Reilly Auto Parts presents the Larry Hillerud Memorial",4549547,"World of Outlaws O'Reilly Auto Parts presents the Larry Hillerud Memorial",2026-07-11,Published,722503,,,12000.00,,,,Scheduled,past,sprint_car
6153,Attica Raceway Park,Dirt Oval,Paperclip,Clay,0.291,https://dv51o5gtpfm3w.cloudfront.net/ATTICA.jpg,41.068915846230084,-82.87724955484286,Attica,OH,United States,5996727,2026,World of Outlaws Ohio Logistics Brad Doty Classic presented by dac Vitamins and Minerals,4549540,World of Outlaws Ohio Logistics Brad Doty Classic presented by dac Vitamins and Minerals,2026-07-14,Published,722496,,,20000.00,,,,Scheduled,past,sprint_car
6200,Eldora Speedway,High-Banked,Oval,Dirt,0.437,https://dv51o5gtpfm3w.cloudfront.net/ELDORA.jpg,40.31865,-84.63387,Rossburg,OH,United States,5996633,2026,World of Outlaws 43rd Kings Royal,4549386,World of Outlaws Knight Before the Kings Royal,2026-07-17,Published,722202,,,25000.00,,,,Scheduled,past,sprint_car
6200,Eldora Speedway,High-Banked,Oval,Dirt,0.437,https://dv51o5gtpfm3w.cloudfront.net/ELDORA.jpg,40.31865,-84.63387,Rossburg,OH,United States,5996633,2026,World of Outlaws 43rd Kings Royal,4549387,World of Outlaws 43rd Kings Royal,2026-07-18,Published,722203,,,200000.00,,,,Scheduled,past,sprint_car
6273,Ohsweken Speedway,High-Banked,Oval,Dirt,0.356,,43.082814,-80.113077,Ohsweken,ON,Canada,5996703,2026,World of Outlaws Federated Auto Parts Six Nations Showdown,4549506,"World of Outlaws Federated Auto Parts Six Nations Showdown, Night 2",2026-07-22,Published,722450,,,20000.00,,,,Scheduled,past,sprint_car
6202,Fairbury Speedway,Semi-Banked,,,0.25,https://dv51o5gtpfm3w.cloudfront.net/dji_fly_20250614_202210_0064_1749951226967_photo.jpg,40.739905,-88.514754,Fairbury,IL,United States,5996636,2026,World of Outlaws Prairie Dirt Classic,4549392,World of Outlaws Prairie Dirt Classic,2026-07-24,Published,722241,,,5000.00,25,,,Scheduled,past,sprint_car
6202,Fairbury Speedway,Semi-Banked,,,0.25,https://dv51o5gtpfm3w.cloudfront.net/dji_fly_20250614_202210_0064_1749951226967_photo.jpg,40.739905,-88.514754,Fairbury,IL,United States,5996636,2026,World of Outlaws Prairie Dirt Classic,4549392,World of Outlaws Prairie Dirt Classic,2026-07-24,Published,722652,,,,15,,,Scheduled,past,sprint_car
6329,Weedsport Speedway,D-Shaped Clay Oval,D-Shaped,Dirt,0.337,https://dv51o5gtpfm3w.cloudfront.net/WEEDSPORT.jpg,43.05954,-76.54672,Weedsport,NY,United States,5996634,2026,World of Outlaws Empire State Challenge,4549388,World of Outlaws Empire State Challenge,2026-07-25,Published,722237,,,12000.00,,,,Scheduled,past,sprint_car
6329,Weedsport Speedway,D-Shaped Clay Oval,D-Shaped,Dirt,0.337,https://dv51o5gtpfm3w.cloudfront.net/WEEDSPORT.jpg,43.05954,-76.54672,Weedsport,NY,United States,5996634,2026,World of Outlaws Empire State Challenge,4549388,World of Outlaws Empire State Challenge,2026-07-25,Published,729632,,,,,,,Scheduled,past,sprint_car
6202,Fairbury Speedway,Semi-Banked,,,0.25,https://dv51o5gtpfm3w.cloudfront.net/dji_fly_20250614_202210_0064_1749951226967_photo.jpg,40.739905,-88.514754,Fairbury,IL,United States,5996636,2026,World of Outlaws Prairie Dirt Classic,4549393,World of Outlaws Prairie Dirt Classic,2026-07-25,Published,722242,,,50000.00,100,,,Scheduled,past,sprint_car
6202,Fairbury Speedway,Semi-Banked,,,0.25,https://dv51o5gtpfm3w.cloudfront.net/dji_fly_20250614_202210_0064_1749951226967_photo.jpg,40.739905,-88.514754,Fairbury,IL,United States,5996636,2026,World of Outlaws Prairie Dirt Classic,4549393,World of Outlaws Prairie Dirt Classic,2026-07-25,Published,722653,,,5000.00,40,,,Scheduled,past,sprint_car
6329,Weedsport Speedway,D-Shaped Clay Oval,D-Shaped,Dirt,0.337,https://dv51o5gtpfm3w.cloudfront.net/WEEDSPORT.jpg,43.05954,-76.54672,Weedsport,NY,United States,5996634,2026,World of Outlaws Empire State Challenge,4549389,World of Outlaws Empire State Challenge,2026-07-26,Published,722238,,,20000.00,,,,Scheduled,past,sprint_car
6329,Weedsport Speedway,D-Shaped Clay Oval,D-Shaped,Dirt,0.337,https://dv51o5gtpfm3w.cloudfront.net/WEEDSPORT.jpg,43.05954,-76.54672,Weedsport,NY,United States,5996634,2026,World of Outlaws Empire State Challenge,4549389,World of Outlaws Empire State Challenge,2026-07-26,Published,729633,,,,,,,Scheduled,past,sprint_car
6463,BAPS Motor Speedway,,Paperclip,Dirt,0.406,https://dv51o5gtpfm3w.cloudfront.net/BAPS.jpg,40.112517,-76.825773,York Haven,PA,United States,5996706,2026,"World of Outlaws Bricker's Bash",4549511,"World of Outlaws Bricker's Bash",2026-07-29,Published,722467,,,12000.00,,,,Scheduled,past,sprint_car
6176,Cedar Lake Speedway,High-Banked Clay Oval,Oval,Dirt,0.302,https://dv51o5gtpfm3w.cloudfront.net/_DSC9254.jpg,45.190279,-92.587978,New Richmond,WI,United States,5996637,2026,World of Outlaws USA Nationals,4549394,World of Outlaws USA Nationals,2026-07-30,Published,722243,,,10000.00,30,,,Scheduled,past,sprint_car
6333,Williams Grove Speedway,Semi Banked; Paperclip Oval,Paperclip,Clay,0.512,https://dv51o5gtpfm3w.cloudfront.net/WILLIAMS-GROVE.jpg,40.15544,-77.0336,Mechanicsburg,PA,United States,5996709,2026,World of Outlaws C&D Rigging Summer Nationals,4549516,World of Outlaws C&D Rigging Summer Nationals,2026-07-31,Published,722472,,,12000.00,,,,Scheduled,past,sprint_car
6176,Cedar Lake Speedway,High-Banked Clay Oval,Oval,Dirt,0.302,https://dv51o5gtpfm3w.cloudfront.net/_DSC9254.jpg,45.190279,-92.587978,New Richmond,WI,United States,5996637,2026,World of Outlaws USA Nationals,4549395,World of Outlaws USA Nationals,2026-08-01,Rescheduled,722244,,,,,,,Scheduled,past,sprint_car
6176,Cedar Lake Speedway,High-Banked Clay Oval,Oval,Dirt,0.302,https://dv51o5gtpfm3w.cloudfront.net/_DSC9254.jpg,45.190279,-92.587978,New Richmond,WI,United States,5996637,2026,World of Outlaws USA Nationals,4549396,World of Outlaws USA Nationals,2026-08-01,Published,722245,,,100000.00,100,,,Scheduled,past,sprint_car
6333,Williams Grove Speedway,Semi Banked; Paperclip Oval,Paperclip,Clay,0.512,https://dv51o5gtpfm3w.cloudfront.net/WILLIAMS-GROVE.jpg,40.15544,-77.0336,Mechanicsburg,PA,United States,5996709,2026,World of Outlaws C&D Rigging Summer Nationals,4549517,World of Outlaws C&D Rigging Summer Nationals,2026-08-01,Published,722473,,,20000.00,,,,Scheduled,past,sprint_car
6207,I-55 Federated Auto Parts Raceway Park,High-Banked Bullring,Bullring,,0.265,https://dv51o5gtpfm3w.cloudfront.net/I-55.jpg,38.26966,-90.4017,Pevely,MO,United States,5996632,2026,World of Outlaws Ironman 55,4549384,World of Outlaws Night Before The Ironman 55,2026-08-07,Published,722200,,,12000.00,,,,Scheduled,past,sprint_car
6207,I-55 Federated Auto Parts Raceway Park,High-Banked Bullring,Bullring,,0.265,https://dv51o5gtpfm3w.cloudfront.net/I-55.jpg,38.26966,-90.4017,Pevely,MO,United States,5996632,2026,World of Outlaws Ironman 55,4549384,World of Outlaws Night Before The Ironman 55,2026-08-07,Published,723168,,,,,,,Scheduled,past,sprint_car
6207,I-55 Federated Auto Parts Raceway Park,High-Banked Bullring,Bullring,,0.265,https://dv51o5gtpfm3w.cloudfront.net/I-55.jpg,38.26966,-90.4017,Pevely,MO,United States,5996632,2026,World of Outlaws Ironman 55,4549385,World of Outlaws Ironman 55,2026-08-08,Published,722201,,,25000.00,,,,Scheduled,past,sprint_car
6207,I-55 Federated Auto Parts Raceway Park,High-Banked Bullring,Bullring,,0.265,https://dv51o5gtpfm3w.cloudfront.net/I-55.jpg,38.26966,-90.4017,Pevely,MO,United States,5996632,2026,World of Outlaws Ironman 55,4549385,World of Outlaws Ironman 55,2026-08-08,Published,723169,,,,,,,Scheduled,past,sprint_car
6516,Maquoketa Speedway,Semi-Banked,Oval,Dirt,0.375,,42.07108,-90.64939,Maquoketa,IA,United States,5996640,2026,World of Outlaws Hawkeye 100,4549708,World of Outlaws Hawkeye 100 Practice Night,2026-08-20,Published,722718,,,,,,,Scheduled,future,sprint_car
6516,Maquoketa Speedway,Semi-Banked,Oval,Dirt,0.375,,42.07108,-90.64939,Maquoketa,IA,United States,5996640,2026,World of Outlaws Hawkeye 100,4549404,World of Outlaws Hawkeye 100,2026-08-21,Published,722254,,,12000.00,40,,,Scheduled,future,sprint_car
6272,Ogilvie Raceway,,Oval,Dirt,0.356,https://dv51o5gtpfm3w.cloudfront.net/Ogilvie.jpg,45.82865,-93.396739,Ogilvie,MN,United States,5996734,2026,World of Outlaws Big O Showdown presented by Wagamon Brothers,4549548,World of Outlaws Big O Showdown presented by Wagamon Brothers,2026-08-21,Published,722504,,,12000.00,,,,Scheduled,future,sprint_car
6516,Maquoketa Speedway,Semi-Banked,Oval,Dirt,0.375,,42.07108,-90.64939,Maquoketa,IA,United States,5996640,2026,World of Outlaws Hawkeye 100,4549405,World of Outlaws Hawkeye 100,2026-08-22,Published,722255,,,25000.00,60,,,Scheduled,future,sprint_car
6230,Jackson Motorplex,,Oval,Black Dirt,0.397,https://dv51o5gtpfm3w.cloudfront.net/JacksonMotorplex.jpg,43.628224,-94.970219,Jackson,MN,United States,5996810,2026,World of Outlaws FENDT Showdown,4549651,World of Outlaws FENDT Showdown,2026-08-22,Published,722631,,,12000.00,,,,Scheduled,future,sprint_car
6706,Southern Iowa Speedway,,,,0.5,,41.305686,-92.65739,Oskaloosa,IA,United States,5996685,2026,World of Outlaws Oskaloosa Corn Belt Showdown,4549472,World of Outlaws Oskaloosa Corn Belt Showdown,2026-08-26,Published,722308,,,12000.00,,,,Scheduled,future,sprint_car
6707,Adams County Speedway,,,,0.5,https://dv51o5gtpfm3w.cloudfront.net/AdamsCounty.jpg,40.993189,-94.729938,Corning,IA,United States,5996686,2026,World of Outlaws Southwest Iowa Shootout,4549473,World of Outlaws Southwest Iowa Shootout,2026-08-28,Published,722309,,,20000.00,,,,Scheduled,future,sprint_car
6292,River Cities Speedway,High-Banked,Bullring,Dirt,0.25,https://dv51o5gtpfm3w.cloudfront.net/RIVER-CITIES.jpg,47.93557,-97.06141,Grand Forks,ND,United States,5996735,2026,World of Outlaws 2nd Leg of the Northern Tour,4549549,World of Outlaws 2nd Leg of the Northern Tour,2026-08-28,Published,722505,,,12000.00,,,,Scheduled,future,sprint_car
6708,Shelby County Speedway,,,,0.4,,41.665155,-95.312838,Harlan,IA,United States,5996687,2026,World of Outlaws Harlan Late Model Showdown,4549475,World of Outlaws Harlan Late Model Showdown,2026-08-29,Published,722311,,,20000.00,,,,Scheduled,future,late_model
6291,Fix it Forward Speedway,Semi-Banked,Oval,Dirt,0.32,https://dv51o5gtpfm3w.cloudfront.net/RED-RIVER-VALLEY-SPEEDWAY.jpg,46.871238,-96.929948,West Fargo,ND,United States,5996736,2026,World of Outlaws Danny Schatz Memorial,4549550,World of Outlaws Danny Schatz Memorial,2026-08-29,Published,722506,,,12000.00,,,,Scheduled,future,sprint_car
6267,Nodak Speedway,High-Banked,Oval,Dirt,0.368,https://dv51o5gtpfm3w.cloudfront.net/Nodak.jpg,48.232878,-101.259141,Minot,ND,United States,5996729,2026,World of Outlaws Gerdau Metals Recycling Magic City Showdown,4549542,World of Outlaws Gerdau Metals Recycling Magic City Showdown,2026-08-30,Rescheduled,722498,,,12000.00,,,,Scheduled,future,sprint_car
6379,"Huset's Speedway",High-Banked Bullring,Bullring,Dirt,0.272,https://dv51o5gtpfm3w.cloudfront.net/HUSETS.jpg,43.570488,-96.583482,Brandon,SD,United States,5996712,2026,"World of Outlaws L.G. Everist Huset's Shootout",4549520,L.G. Everist Huset’s Shootout presented by D & I Railroad,2026-09-04,Published,722476,,,15000.00,,,,Scheduled,future,sprint_car
6379,"Huset's Speedway",High-Banked Bullring,Bullring,Dirt,0.272,https://dv51o5gtpfm3w.cloudfront.net/HUSETS.jpg,43.570488,-96.583482,Brandon,SD,United States,5996712,2026,"World of Outlaws L.G. Everist Huset's Shootout",4549521,L.G. Everist Huset’s Shootout presented by Ace Ready Mix,2026-09-05,Published,722477,,,15000.00,,,,Scheduled,future,sprint_car
6379,"Huset's Speedway",High-Banked Bullring,Bullring,Dirt,0.272,https://dv51o5gtpfm3w.cloudfront.net/HUSETS.jpg,43.570488,-96.583482,Brandon,SD,United States,5996712,2026,"World of Outlaws L.G. Everist Huset's Shootout",4549522,L.G. Everist Huset’s Shootout presented by Myrl & Roy’s Paving,2026-09-06,Published,722478,,,25000.00,,,,Scheduled,future,sprint_car
6388,Belleville High Banks,,,Dirt,0.5,https://cdn.dirtcar.com/wp-content/uploads/sites/42/2025/07/02162154/Belleville-1536x864.jpg,39.833545,-97.625746,Belleville,KS,United States,5996737,2026,World of Outlaws Belleville High Banks 30,4549551,World of Outlaws Belleville High Banks 30,2026-09-11,Published,722507,,,12000.00,,,,Scheduled,future,sprint_car
6336,Dodge City Raceway Park,Semi-banked,Oval,Black Dirt,0.375,https://dv51o5gtpfm3w.cloudfront.net/DodgeCity.jpg,37.718183,-100.027707,Dodge City,KS,United States,5996821,2026,World of Outlaws Gunslinger Stampede,4549663,World of Outlaws Gunslinger Stampede,2026-09-12,Published,722638,,,12000.00,,,,Scheduled,future,sprint_car
6405,El Paso County Raceway,,Semi-Banked,Clay,0.25,,39.029307,-104.295015,Calhan,CO,United States,5996888,2026,World of Outlaws Rocky Mountain Rumble,4549750,World of Outlaws Rocky Mountain Rumble,2026-09-14,Published,722769,,,12000.00,,,,Scheduled,future,sprint_car
6309,Stockton Dirt Track,Semi-banked,,Dirt,0.375,,37.939,-121.26553,Stockton,CA,United States,5996908,2026,World of Outlaws Dennis Roth Classic,4549788,World of Outlaws Dennis Roth Classic Night One,2026-09-18,Published,722829,,,12000.00,,,,Scheduled,future,sprint_car
6309,Stockton Dirt Track,Semi-banked,,Dirt,0.375,,37.939,-121.26553,Stockton,CA,United States,5996908,2026,World of Outlaws Dennis Roth Classic,4549789,World of Outlaws Dennis Roth Classic Night Two,2026-09-19,Published,722830,,,83000.00,,,,Scheduled,future,sprint_car
6389,Kings Speedway,,,,0.375,https://dv51o5gtpfm3w.cloudfront.net/KINGS-SPEEDWAY.jpg,36.3171,-119.6346,Hanford,CA,United States,5997081,2026,World of Outlaws Central Valley Clash,4550003,World of Outlaws Central Valley Clash,2026-09-22,Published,723269,,,12000.00,,,,Scheduled,future,sprint_car
6207,I-55 Federated Auto Parts Raceway Park,High-Banked Bullring,Bullring,,0.265,https://dv51o5gtpfm3w.cloudfront.net/I-55.jpg,38.26966,-90.4017,Pevely,MO,United States,5996688,2026,World of Outlaws King of the Arch,4549476,World of Outlaws King of the Arch,2026-09-25,Published,722312,,,12000.00,,,,Scheduled,future,sprint_car
6207,I-55 Federated Auto Parts Raceway Park,High-Banked Bullring,Bullring,,0.265,https://dv51o5gtpfm3w.cloudfront.net/I-55.jpg,38.26966,-90.4017,Pevely,MO,United States,5996688,2026,World of Outlaws King of the Arch,4549476,World of Outlaws King of the Arch,2026-09-25,Published,727865,,,,,,,Scheduled,future,sprint_car
6207,I-55 Federated Auto Parts Raceway Park,High-Banked Bullring,Bullring,,0.265,https://dv51o5gtpfm3w.cloudfront.net/I-55.jpg,38.26966,-90.4017,Pevely,MO,United States,5996688,2026,World of Outlaws King of the Arch,4549476,World of Outlaws King of the Arch,2026-09-25,Published,727866,,,,,,,Scheduled,future,sprint_car
6207,I-55 Federated Auto Parts Raceway Park,High-Banked Bullring,Bullring,,0.265,https://dv51o5gtpfm3w.cloudfront.net/I-55.jpg,38.26966,-90.4017,Pevely,MO,United States,5996688,2026,World of Outlaws King of the Arch,4549476,World of Outlaws King of the Arch,2026-09-25,Published,727867,,,,,,,Scheduled,future,sprint_car
6157,"Bakersfield Speedway at Kevin Harvick's Kern Raceway",,,Dirt,0.333,,35.295425,-119.256903,Bakersfield,CA,United States,5996909,2026,World of Outlaws Nashville West Showdown,4549790,World of Outlaws Nashville West Showdown,2026-09-25,Published,722831,,,12000.00,,,,Scheduled,future,sprint_car
6207,I-55 Federated Auto Parts Raceway Park,High-Banked Bullring,Bullring,,0.265,https://dv51o5gtpfm3w.cloudfront.net/I-55.jpg,38.26966,-90.4017,Pevely,MO,United States,5996688,2026,World of Outlaws King of the Arch,4549477,World of Outlaws King of the Arch,2026-09-26,Published,722313,,,20000.00,,,,Scheduled,future,sprint_car
6207,I-55 Federated Auto Parts Raceway Park,High-Banked Bullring,Bullring,,0.265,https://dv51o5gtpfm3w.cloudfront.net/I-55.jpg,38.26966,-90.4017,Pevely,MO,United States,5996688,2026,World of Outlaws King of the Arch,4549477,World of Outlaws King of the Arch,2026-09-26,Published,727868,,,,,,,Scheduled,future,sprint_car
6207,I-55 Federated Auto Parts Raceway Park,High-Banked Bullring,Bullring,,0.265,https://dv51o5gtpfm3w.cloudfront.net/I-55.jpg,38.26966,-90.4017,Pevely,MO,United States,5996688,2026,World of Outlaws King of the Arch,4549477,World of Outlaws King of the Arch,2026-09-26,Published,727869,,,,,,,Scheduled,future,sprint_car
6207,I-55 Federated Auto Parts Raceway Park,High-Banked Bullring,Bullring,,0.265,https://dv51o5gtpfm3w.cloudfront.net/I-55.jpg,38.26966,-90.4017,Pevely,MO,United States,5996688,2026,World of Outlaws King of the Arch,4549477,World of Outlaws King of the Arch,2026-09-26,Published,727870,,,,,,,Scheduled,future,sprint_car
6714,Ventura Raceway,,,Clay,0.2,,34.275577115297395,-119.30430398784327,Ventura,CA,United States,5996910,2026,World of Outlaws Battle on the Beach,4549791,World of Outlaws Battle on the Beach,2026-09-26,Published,722832,,,12000.00,,,,Scheduled,future,sprint_car
6475,Boothill Speedway,Banked Clay Oval,,,0.286,https://dv51o5gtpfm3w.cloudfront.net/_DSC1900.jpg,32.45441,-93.97427,Greenwood,LA,United States,5996690,2026,World of Outlaws Bayou Classic,4549479,World of Outlaws Bayou Classic,2026-10-02,Published,722315,,,10000.00,,,,Scheduled,future,sprint_car
6333,Williams Grove Speedway,Semi Banked; Paperclip Oval,Paperclip,Clay,0.512,https://dv51o5gtpfm3w.cloudfront.net/WILLIAMS-GROVE.jpg,40.15544,-77.0336,Mechanicsburg,PA,United States,5996708,2026,World of Outlaws National Open,4549514,World of Outlaws J&S Classics National Open,2026-10-02,Published,722470,,,12000.00,,,,Scheduled,future,sprint_car
6475,Boothill Speedway,Banked Clay Oval,,,0.286,https://dv51o5gtpfm3w.cloudfront.net/_DSC1900.jpg,32.45441,-93.97427,Greenwood,LA,United States,5996690,2026,World of Outlaws Bayou Classic,4549480,World of Outlaws Bayou Classic,2026-10-03,Published,722316,,,50000.00,,,,Scheduled,future,sprint_car
6333,Williams Grove Speedway,Semi Banked; Paperclip Oval,Paperclip,Clay,0.512,https://dv51o5gtpfm3w.cloudfront.net/WILLIAMS-GROVE.jpg,40.15544,-77.0336,Mechanicsburg,PA,United States,5996708,2026,World of Outlaws National Open,4549515,World of Outlaws J&S Classics National Open,2026-10-03,Published,722471,,,75000.00,,,,Scheduled,future,sprint_car
6248,Lincoln Park Speedway,Semi-Banked,Oval,Dirt,0.243,https://dv51o5gtpfm3w.cloudfront.net/LincolnPark.jpg,39.576247,-86.869857,Putnamville,IN,United States,5996817,2026,World of Outlaws Cushion Capital Clash,4549659,World of Outlaws Cushion Capital Clash,2026-10-16,Published,722636,,,12000.00,,,,Scheduled,future,sprint_car
6482,Texarkana 67 Speedway,Semi-Banked,Oval,Dirt,0.298,,33.53486,-93.91022,Texarkana,AR,United States,5996807,2026,World of Outlaws Jason Johnson Classic,4549654,World of Outlaws Jason Johnson Classic,2026-10-23,Published,722634,,,20000.00,,,,Scheduled,future,sprint_car
6482,Texarkana 67 Speedway,Semi-Banked,Oval,Dirt,0.298,,33.53486,-93.91022,Texarkana,AR,United States,5996807,2026,World of Outlaws Jason Johnson Classic,4549999,World of Outlaws Short Track Nationals,2026-10-24,Published,723244,,,25000.00,,,,Scheduled,future,sprint_car
6315,The Dirt Track at Charlotte,Semi Banked,Oval,Red Clay,0.386,,35.35851884135107,-80.68411120049268,Concord,NC,United States,5996692,2026,World of Outlaws World Finals,4549483,World of Outlaws World Finals,2026-11-04,Published,722319,,,,,,,Scheduled,future,sprint_car
6315,The Dirt Track at Charlotte,Semi Banked,Oval,Red Clay,0.386,,35.35851884135107,-80.68411120049268,Concord,NC,United States,5996692,2026,World of Outlaws World Finals,4549483,World of Outlaws World Finals,2026-11-04,Published,722320,,,,,,,Scheduled,future,sprint_car
6315,The Dirt Track at Charlotte,Semi Banked,Oval,Red Clay,0.386,,35.35851884135107,-80.68411120049268,Concord,NC,United States,5996692,2026,World of Outlaws World Finals,4549483,World of Outlaws World Finals,2026-11-04,Published,722321,,,,,,,Scheduled,future,sprint_car
6315,The Dirt Track at Charlotte,Semi Banked,Oval,Red Clay,0.386,,35.35851884135107,-80.68411120049268,Concord,NC,United States,5996692,2026,World of Outlaws World Finals,4549484,World of Outlaws World Finals,2026-11-05,Published,722322,,,15000.00,,,,Scheduled,future,sprint_car
6315,The Dirt Track at Charlotte,Semi Banked,Oval,Red Clay,0.386,,35.35851884135107,-80.68411120049268,Concord,NC,United States,5996692,2026,World of Outlaws World Finals,4549484,World of Outlaws World Finals,2026-11-05,Published,722323,,,15000.00,,,,Scheduled,future,sprint_car
6315,The Dirt Track at Charlotte,Semi Banked,Oval,Red Clay,0.386,,35.35851884135107,-80.68411120049268,Concord,NC,United States,5996692,2026,World of Outlaws World Finals,4549484,World of Outlaws World Finals,2026-11-05,Published,722324,,,,,,,Scheduled,future,sprint_car
6315,The Dirt Track at Charlotte,Semi Banked,Oval,Red Clay,0.386,,35.35851884135107,-80.68411120049268,Concord,NC,United States,5996692,2026,World of Outlaws World Finals,4549485,World of Outlaws World Finals,2026-11-06,Published,722325,,,15000.00,,,,Scheduled,future,sprint_car
6315,The Dirt Track at Charlotte,Semi Banked,Oval,Red Clay,0.386,,35.35851884135107,-80.68411120049268,Concord,NC,United States,5996692,2026,World of Outlaws World Finals,4549485,World of Outlaws World Finals,2026-11-06,Published,722326,,,15000.00,,,,Scheduled,future,sprint_car
6315,The Dirt Track at Charlotte,Semi Banked,Oval,Red Clay,0.386,,35.35851884135107,-80.68411120049268,Concord,NC,United States,5996692,2026,World of Outlaws World Finals,4549485,World of Outlaws World Finals,2026-11-06,Published,722327,,,,,,,Scheduled,future,sprint_car
6315,The Dirt Track at Charlotte,Semi Banked,Oval,Red Clay,0.386,,35.35851884135107,-80.68411120049268,Concord,NC,United States,5996692,2026,World of Outlaws World Finals,4549486,World of Outlaws World Finals,2026-11-07,Published,722328,,,25000.00,,,,Scheduled,future,sprint_car
6315,The Dirt Track at Charlotte,Semi Banked,Oval,Red Clay,0.386,,35.35851884135107,-80.68411120049268,Concord,NC,United States,5996692,2026,World of Outlaws World Finals,4549486,World of Outlaws World Finals,2026-11-07,Published,722329,,,30000.00,,,,Scheduled,future,sprint_car
6315,The Dirt Track at Charlotte,Semi Banked,Oval,Red Clay,0.386,,35.35851884135107,-80.68411120049268,Concord,NC,United States,5996692,2026,World of Outlaws World Finals,4549486,World of Outlaws World Finals,2026-11-07,Published,722330,,,,,,,Scheduled,future,sprint_car